[
   {
      "trip_id":"45429627",
      "stops":[
         {
            "stop":"TU Dresden",
            "time":"13:21:00"
         },
         {
            "stop":"Studentenwerk",
            "time":"13:23:46"
         },
         {
            "stop":"Hauptbahnhof",
            "time":"13:25:43"
         }
      ]
   },
   {
      "trip_id":"45431277",
      "stops":[
         {
            "stop":"TU Dresden",
            "time":"13:51:00"
         },
         {
            "stop":"Studentenwerk",
            "time":"13:53:46"
         },
         {
            "stop":"Hauptbahnhof",
            "time":"13:55:43"
         }
      ]
   },
   {
      "trip_id":"45432189",
      "stops":[
         {
            "stop":"Hauptbahnhof",
            "time":"14:59:30"
         },
         {
            "stop":"Studentenwerk",
            "time":"15:02:49"
         },
         {
            "stop":"TU Dresden",
            "time":"15:05:43"
         }
      ]
   },
   {
      "trip_id":"45434786",
      "stops":[
         {
            "stop":"Hauptbahnhof",
            "time":"14:29:30"
         },
         {
            "stop":"Studentenwerk",
            "time":"14:32:49"
         },
         {
            "stop":"TU Dresden",
            "time":"14:35:43"
         }
      ]
   },
   {
      "trip_id":"45435650",
      "stops":[
         {
            "stop":"TU Dresden",
            "time":"19:04:00"
         },
         {
            "stop":"Studentenwerk",
            "time":"19:06:46"
         },
         {
            "stop":"Hauptbahnhof",
            "time":"19:08:43"
         }
      ]
   },
   {
      "trip_id":"45429479",
      "stops":[
         {
            "stop":"Hauptbahnhof",
            "time":"12:29:30"
         },
         {
            "stop":"Studentenwerk",
            "time":"12:32:49"
         },
         {
            "stop":"TU Dresden",
            "time":"12:35:43"
         }
      ]
   },
   {
      "trip_id":"45430309",
      "stops":[
         {
            "stop":"Hauptbahnhof",
            "time":"08:32:30"
         },
         {
            "stop":"Studentenwerk",
            "time":"08:35:49"
         },
         {
            "stop":"TU Dresden",
            "time":"08:38:43"
         }
      ]
   },
   {
      "trip_id":"45432150",
      "stops":[
         {
            "stop":"TU Dresden",
            "time":"06:19:00"
         },
         {
            "stop":"Studentenwerk",
            "time":"06:21:19"
         },
         {
            "stop":"Hauptbahnhof",
            "time":"06:22:56"
         }
      ]
   },
   {
      "trip_id":"45430308",
      "stops":[
         {
            "stop":"TU Dresden",
            "time":"07:18:00"
         },
         {
            "stop":"Studentenwerk",
            "time":"07:20:46"
         },
         {
            "stop":"Hauptbahnhof",
            "time":"07:22:43"
         }
      ]
   },
   {
      "trip_id":"45430310",
      "stops":[
         {
            "stop":"TU Dresden",
            "time":"11:51:00"
         },
         {
            "stop":"Studentenwerk",
            "time":"11:53:46"
         },
         {
            "stop":"Hauptbahnhof",
            "time":"11:55:43"
         }
      ]
   },
   {
      "trip_id":"45434635",
      "stops":[
         {
            "stop":"Hauptbahnhof",
            "time":"10:59:30"
         },
         {
            "stop":"Studentenwerk",
            "time":"11:02:49"
         },
         {
            "stop":"TU Dresden",
            "time":"11:05:43"
         }
      ]
   },
   {
      "trip_id":"45435771",
      "stops":[
         {
            "stop":"Hauptbahnhof",
            "time":"09:20:30"
         },
         {
            "stop":"Studentenwerk",
            "time":"09:23:49"
         },
         {
            "stop":"TU Dresden",
            "time":"09:26:43"
         }
      ]
   },
   {
      "trip_id":"45435380",
      "stops":[
         {
            "stop":"TU Dresden",
            "time":"09:31:00"
         },
         {
            "stop":"Studentenwerk",
            "time":"09:33:46"
         },
         {
            "stop":"Hauptbahnhof",
            "time":"09:35:43"
         }
      ]
   },
   {
      "trip_id":"45432463",
      "stops":[
         {
            "stop":"Hauptbahnhof",
            "time":"13:29:30"
         },
         {
            "stop":"Studentenwerk",
            "time":"13:32:49"
         },
         {
            "stop":"TU Dresden",
            "time":"13:35:43"
         }
      ]
   },
   {
      "trip_id":"45433281",
      "stops":[
         {
            "stop":"TU Dresden",
            "time":"07:45:00"
         },
         {
            "stop":"Studentenwerk",
            "time":"07:47:46"
         },
         {
            "stop":"Hauptbahnhof",
            "time":"07:49:43"
         }
      ]
   },
   {
      "trip_id":"45433280",
      "stops":[
         {
            "stop":"Hauptbahnhof",
            "time":"07:29:30"
         },
         {
            "stop":"Studentenwerk",
            "time":"07:32:49"
         },
         {
            "stop":"TU Dresden",
            "time":"07:35:43"
         }
      ]
   },
   {
      "trip_id":"45433282",
      "stops":[
         {
            "stop":"Hauptbahnhof",
            "time":"09:00:30"
         },
         {
            "stop":"Studentenwerk",
            "time":"09:03:49"
         },
         {
            "stop":"TU Dresden",
            "time":"09:06:43"
         }
      ]
   },
   {
      "trip_id":"45431414",
      "stops":[
         {
            "stop":"Hauptbahnhof",
            "time":"15:20:30"
         },
         {
            "stop":"Studentenwerk",
            "time":"15:23:49"
         },
         {
            "stop":"TU Dresden",
            "time":"15:26:43"
         }
      ]
   },
   {
      "trip_id":"45429585",
      "stops":[
         {
            "stop":"TU Dresden",
            "time":"08:01:00"
         },
         {
            "stop":"Studentenwerk",
            "time":"08:03:46"
         },
         {
            "stop":"Hauptbahnhof",
            "time":"08:05:43"
         }
      ]
   },
   {
      "trip_id":"45433617",
      "stops":[
         {
            "stop":"Hauptbahnhof",
            "time":"07:46:30"
         },
         {
            "stop":"Studentenwerk",
            "time":"07:49:49"
         },
         {
            "stop":"TU Dresden",
            "time":"07:52:43"
         }
      ]
   },
   {
      "trip_id":"45431415",
      "stops":[
         {
            "stop":"TU Dresden",
            "time":"10:51:00"
         },
         {
            "stop":"Studentenwerk",
            "time":"10:53:46"
         },
         {
            "stop":"Hauptbahnhof",
            "time":"10:55:43"
         }
      ]
   },
   {
      "trip_id":"45430600",
      "stops":[
         {
            "stop":"Hauptbahnhof",
            "time":"08:01:30"
         },
         {
            "stop":"Studentenwerk",
            "time":"08:04:49"
         },
         {
            "stop":"TU Dresden",
            "time":"08:07:43"
         }
      ]
   },
   {
      "trip_id":"45435648",
      "stops":[
         {
            "stop":"Hauptbahnhof",
            "time":"18:51:30"
         },
         {
            "stop":"Studentenwerk",
            "time":"18:54:49"
         },
         {
            "stop":"TU Dresden",
            "time":"18:57:43"
         }
      ]
   },
   {
      "trip_id":"45435647",
      "stops":[
         {
            "stop":"Hauptbahnhof",
            "time":"17:04:30"
         },
         {
            "stop":"Studentenwerk",
            "time":"17:07:49"
         },
         {
            "stop":"TU Dresden",
            "time":"17:10:43"
         }
      ]
   },
   {
      "trip_id":"45435649",
      "stops":[
         {
            "stop":"TU Dresden",
            "time":"17:15:00"
         },
         {
            "stop":"Studentenwerk",
            "time":"17:17:46"
         },
         {
            "stop":"Hauptbahnhof",
            "time":"17:19:43"
         }
      ]
   },
   {
      "trip_id":"45435651",
      "stops":[
         {
            "stop":"TU Dresden",
            "time":"15:23:00"
         },
         {
            "stop":"Studentenwerk",
            "time":"15:25:46"
         },
         {
            "stop":"Hauptbahnhof",
            "time":"15:27:43"
         }
      ]
   },
   {
      "trip_id":"45435824",
      "stops":[
         {
            "stop":"Hauptbahnhof",
            "time":"06:58:30"
         },
         {
            "stop":"Studentenwerk",
            "time":"07:01:49"
         },
         {
            "stop":"TU Dresden",
            "time":"07:04:43"
         }
      ]
   },
   {
      "trip_id":"45431228",
      "stops":[
         {
            "stop":"TU Dresden",
            "time":"17:55:00"
         },
         {
            "stop":"Studentenwerk",
            "time":"17:57:46"
         },
         {
            "stop":"Hauptbahnhof",
            "time":"17:59:43"
         }
      ]
   },
   {
      "trip_id":"45435464",
      "stops":[
         {
            "stop":"Hauptbahnhof",
            "time":"18:22:30"
         },
         {
            "stop":"Studentenwerk",
            "time":"18:25:49"
         },
         {
            "stop":"TU Dresden",
            "time":"18:28:43"
         }
      ]
   },
   {
      "trip_id":"45435465",
      "stops":[
         {
            "stop":"TU Dresden",
            "time":"18:34:00"
         },
         {
            "stop":"Studentenwerk",
            "time":"18:36:46"
         },
         {
            "stop":"Hauptbahnhof",
            "time":"18:38:43"
         }
      ]
   },
   {
      "trip_id":"45429939",
      "stops":[
         {
            "stop":"TU Dresden",
            "time":"09:49:00"
         },
         {
            "stop":"Studentenwerk",
            "time":"09:51:46"
         },
         {
            "stop":"Hauptbahnhof",
            "time":"09:53:43"
         }
      ]
   },
   {
      "trip_id":"45432651",
      "stops":[
         {
            "stop":"Hauptbahnhof",
            "time":"08:16:30"
         },
         {
            "stop":"Studentenwerk",
            "time":"08:19:49"
         },
         {
            "stop":"TU Dresden",
            "time":"08:22:43"
         }
      ]
   },
   {
      "trip_id":"45434408",
      "stops":[
         {
            "stop":"Hauptbahnhof",
            "time":"11:29:30"
         },
         {
            "stop":"Studentenwerk",
            "time":"11:32:49"
         },
         {
            "stop":"TU Dresden",
            "time":"11:35:43"
         }
      ]
   },
   {
      "trip_id":"45434411",
      "stops":[
         {
            "stop":"TU Dresden",
            "time":"08:19:00"
         },
         {
            "stop":"Studentenwerk",
            "time":"08:21:46"
         },
         {
            "stop":"Hauptbahnhof",
            "time":"08:23:43"
         }
      ]
   },
   {
      "trip_id":"45434409",
      "stops":[
         {
            "stop":"TU Dresden",
            "time":"10:02:00"
         },
         {
            "stop":"Studentenwerk",
            "time":"10:04:46"
         },
         {
            "stop":"Hauptbahnhof",
            "time":"10:06:43"
         }
      ]
   },
   {
      "trip_id":"45431227",
      "stops":[
         {
            "stop":"Hauptbahnhof",
            "time":"19:21:30"
         },
         {
            "stop":"Studentenwerk",
            "time":"19:24:49"
         },
         {
            "stop":"TU Dresden",
            "time":"19:27:43"
         }
      ]
   },
   {
      "trip_id":"45434410",
      "stops":[
         {
            "stop":"Hauptbahnhof",
            "time":"09:40:30"
         },
         {
            "stop":"Studentenwerk",
            "time":"09:43:49"
         },
         {
            "stop":"TU Dresden",
            "time":"09:46:43"
         }
      ]
   },
   {
      "trip_id":"45431797",
      "stops":[
         {
            "stop":"Hauptbahnhof",
            "time":"10:00:30"
         },
         {
            "stop":"Studentenwerk",
            "time":"10:03:49"
         },
         {
            "stop":"TU Dresden",
            "time":"10:06:43"
         }
      ]
   },
   {
      "trip_id":"45429137",
      "stops":[
         {
            "stop":"TU Dresden",
            "time":"14:52:00"
         },
         {
            "stop":"Studentenwerk",
            "time":"14:54:46"
         },
         {
            "stop":"Hauptbahnhof",
            "time":"14:56:43"
         }
      ]
   },
   {
      "trip_id":"45431796",
      "stops":[
         {
            "stop":"TU Dresden",
            "time":"08:33:00"
         },
         {
            "stop":"Studentenwerk",
            "time":"08:35:46"
         },
         {
            "stop":"Hauptbahnhof",
            "time":"08:37:43"
         }
      ]
   },
   {
      "trip_id":"45429134",
      "stops":[
         {
            "stop":"TU Dresden",
            "time":"08:56:00"
         },
         {
            "stop":"Studentenwerk",
            "time":"08:58:46"
         },
         {
            "stop":"Hauptbahnhof",
            "time":"09:00:43"
         }
      ]
   },
   {
      "trip_id":"45431226",
      "stops":[
         {
            "stop":"TU Dresden",
            "time":"19:34:00"
         },
         {
            "stop":"Studentenwerk",
            "time":"19:36:46"
         },
         {
            "stop":"Hauptbahnhof",
            "time":"19:38:43"
         }
      ]
   },
   {
      "trip_id":"45433873",
      "stops":[
         {
            "stop":"Hauptbahnhof",
            "time":"18:03:30"
         },
         {
            "stop":"Studentenwerk",
            "time":"18:06:49"
         },
         {
            "stop":"TU Dresden",
            "time":"18:09:43"
         }
      ]
   },
   {
      "trip_id":"45429135",
      "stops":[
         {
            "stop":"Hauptbahnhof",
            "time":"08:45:30"
         },
         {
            "stop":"Studentenwerk",
            "time":"08:48:49"
         },
         {
            "stop":"TU Dresden",
            "time":"08:51:43"
         }
      ]
   },
   {
      "trip_id":"45429136",
      "stops":[
         {
            "stop":"Hauptbahnhof",
            "time":"16:25:30"
         },
         {
            "stop":"Studentenwerk",
            "time":"16:28:49"
         },
         {
            "stop":"TU Dresden",
            "time":"16:31:43"
         }
      ]
   },
   {
      "trip_id":"45433872",
      "stops":[
         {
            "stop":"TU Dresden",
            "time":"16:36:00"
         },
         {
            "stop":"Studentenwerk",
            "time":"16:38:46"
         },
         {
            "stop":"Hauptbahnhof",
            "time":"16:40:43"
         }
      ]
   },
   {
      "trip_id":"45433874",
      "stops":[
         {
            "stop":"TU Dresden",
            "time":"18:14:00"
         },
         {
            "stop":"Studentenwerk",
            "time":"18:16:46"
         },
         {
            "stop":"Hauptbahnhof",
            "time":"18:18:43"
         }
      ]
   },
   {
      "trip_id":"45431231",
      "stops":[
         {
            "stop":"Hauptbahnhof",
            "time":"15:43:30"
         },
         {
            "stop":"Studentenwerk",
            "time":"15:46:49"
         },
         {
            "stop":"TU Dresden",
            "time":"15:49:43"
         }
      ]
   },
   {
      "trip_id":"45433876",
      "stops":[
         {
            "stop":"TU Dresden",
            "time":"14:22:00"
         },
         {
            "stop":"Studentenwerk",
            "time":"14:24:46"
         },
         {
            "stop":"Hauptbahnhof",
            "time":"14:26:43"
         }
      ]
   },
   {
      "trip_id":"45433870",
      "stops":[
         {
            "stop":"TU Dresden",
            "time":"16:15:00"
         },
         {
            "stop":"Studentenwerk",
            "time":"16:17:46"
         },
         {
            "stop":"Hauptbahnhof",
            "time":"16:19:43"
         }
      ]
   },
   {
      "trip_id":"45433871",
      "stops":[
         {
            "stop":"Hauptbahnhof",
            "time":"17:43:30"
         },
         {
            "stop":"Studentenwerk",
            "time":"17:46:49"
         },
         {
            "stop":"TU Dresden",
            "time":"17:49:43"
         }
      ]
   },
   {
      "trip_id":"45433877",
      "stops":[
         {
            "stop":"Hauptbahnhof",
            "time":"16:04:30"
         },
         {
            "stop":"Studentenwerk",
            "time":"16:07:49"
         },
         {
            "stop":"TU Dresden",
            "time":"16:10:43"
         }
      ]
   },
   {
      "trip_id":"45431229",
      "stops":[
         {
            "stop":"Hauptbahnhof",
            "time":"17:23:30"
         },
         {
            "stop":"Studentenwerk",
            "time":"17:26:49"
         },
         {
            "stop":"TU Dresden",
            "time":"17:29:43"
         }
      ]
   },
   {
      "trip_id":"45431225",
      "stops":[
         {
            "stop":"TU Dresden",
            "time":"17:34:00"
         },
         {
            "stop":"Studentenwerk",
            "time":"17:36:46"
         },
         {
            "stop":"Hauptbahnhof",
            "time":"17:38:43"
         }
      ]
   },
   {
      "trip_id":"45431230",
      "stops":[
         {
            "stop":"TU Dresden",
            "time":"15:54:00"
         },
         {
            "stop":"Studentenwerk",
            "time":"15:56:46"
         },
         {
            "stop":"Hauptbahnhof",
            "time":"15:58:43"
         }
      ]
   },
   {
      "trip_id":"45435344",
      "stops":[
         {
            "stop":"Hauptbahnhof",
            "time":"13:59:30"
         },
         {
            "stop":"Studentenwerk",
            "time":"14:02:49"
         },
         {
            "stop":"TU Dresden",
            "time":"14:05:43"
         }
      ]
   },
   {
      "trip_id":"45435343",
      "stops":[
         {
            "stop":"TU Dresden",
            "time":"12:21:00"
         },
         {
            "stop":"Studentenwerk",
            "time":"12:23:46"
         },
         {
            "stop":"Hauptbahnhof",
            "time":"12:25:43"
         }
      ]
   },
   {
      "trip_id":"45430050",
      "stops":[
         {
            "stop":"Hauptbahnhof",
            "time":"11:59:30"
         },
         {
            "stop":"Studentenwerk",
            "time":"12:02:49"
         },
         {
            "stop":"TU Dresden",
            "time":"12:05:43"
         }
      ]
   },
   {
      "trip_id":"45430170",
      "stops":[
         {
            "stop":"TU Dresden",
            "time":"10:20:00"
         },
         {
            "stop":"Studentenwerk",
            "time":"10:22:46"
         },
         {
            "stop":"Hauptbahnhof",
            "time":"10:24:43"
         }
      ]
   },
   {
      "trip_id":"45432025",
      "stops":[
         {
            "stop":"TU Dresden",
            "time":"11:21:00"
         },
         {
            "stop":"Studentenwerk",
            "time":"11:23:46"
         },
         {
            "stop":"Hauptbahnhof",
            "time":"11:25:43"
         }
      ]
   },
   {
      "trip_id":"45434651",
      "stops":[
         {
            "stop":"TU Dresden",
            "time":"12:51:00"
         },
         {
            "stop":"Studentenwerk",
            "time":"12:53:46"
         },
         {
            "stop":"Hauptbahnhof",
            "time":"12:55:43"
         }
      ]
   },
   {
      "trip_id":"45434652",
      "stops":[
         {
            "stop":"Hauptbahnhof",
            "time":"16:44:30"
         },
         {
            "stop":"Studentenwerk",
            "time":"16:47:49"
         },
         {
            "stop":"TU Dresden",
            "time":"16:50:43"
         }
      ]
   },
   {
      "trip_id":"45434653",
      "stops":[
         {
            "stop":"TU Dresden",
            "time":"16:55:00"
         },
         {
            "stop":"Studentenwerk",
            "time":"16:57:46"
         },
         {
            "stop":"Hauptbahnhof",
            "time":"16:59:43"
         }
      ]
   },
   {
      "trip_id":"45433367",
      "stops":[
         {
            "stop":"Hauptbahnhof",
            "time":"12:59:30"
         },
         {
            "stop":"Studentenwerk",
            "time":"13:02:49"
         },
         {
            "stop":"TU Dresden",
            "time":"13:05:43"
         }
      ]
   },
   {
      "trip_id":"45429646",
      "stops":[
         {
            "stop":"Hauptbahnhof",
            "time":"10:30:30"
         },
         {
            "stop":"Studentenwerk",
            "time":"10:33:49"
         },
         {
            "stop":"TU Dresden",
            "time":"10:36:43"
         }
      ]
   },
   {
      "trip_id":"45433908",
      "stops":[
         {
            "stop":"TU Dresden",
            "time":"09:11:00"
         },
         {
            "stop":"Studentenwerk",
            "time":"09:13:46"
         },
         {
            "stop":"Hauptbahnhof",
            "time":"09:15:43"
         }
      ]
   }
]
