[
   {
      "trip_id":"45429252",
      "stops":[
         {
            "stop":"TU Dresden",
            "time":"13:11:00"
         },
         {
            "stop":"Studentenwerk",
            "time":"13:13:46"
         },
         {
            "stop":"Hauptbahnhof",
            "time":"13:15:43"
         }
      ]
   },
   {
      "trip_id":"45431340",
      "stops":[
         {
            "stop":"Hauptbahnhof",
            "time":"09:14:30"
         },
         {
            "stop":"Studentenwerk",
            "time":"09:17:49"
         },
         {
            "stop":"TU Dresden",
            "time":"09:20:43"
         }
      ]
   },
   {
      "trip_id":"45431337",
      "stops":[
         {
            "stop":"TU Dresden",
            "time":"09:43:00"
         },
         {
            "stop":"Studentenwerk",
            "time":"09:45:46"
         },
         {
            "stop":"Hauptbahnhof",
            "time":"09:47:43"
         }
      ]
   },
   {
      "trip_id":"45430626",
      "stops":[
         {
            "stop":"Hauptbahnhof",
            "time":"13:08:30"
         },
         {
            "stop":"Studentenwerk",
            "time":"13:11:49"
         },
         {
            "stop":"TU Dresden",
            "time":"13:14:43"
         }
      ]
   },
   {
      "trip_id":"45435100",
      "stops":[
         {
            "stop":"Hauptbahnhof",
            "time":"17:43:30"
         },
         {
            "stop":"Studentenwerk",
            "time":"17:46:49"
         },
         {
            "stop":"TU Dresden",
            "time":"17:49:43"
         }
      ]
   },
   {
      "trip_id":"45435097",
      "stops":[
         {
            "stop":"TU Dresden",
            "time":"18:09:00"
         },
         {
            "stop":"Studentenwerk",
            "time":"18:11:46"
         },
         {
            "stop":"Hauptbahnhof",
            "time":"18:13:43"
         }
      ]
   },
   {
      "trip_id":"45432481",
      "stops":[
         {
            "stop":"TU Dresden",
            "time":"14:41:00"
         },
         {
            "stop":"Studentenwerk",
            "time":"14:43:46"
         },
         {
            "stop":"Hauptbahnhof",
            "time":"14:45:43"
         }
      ]
   },
   {
      "trip_id":"45435099",
      "stops":[
         {
            "stop":"TU Dresden",
            "time":"15:11:00"
         },
         {
            "stop":"Studentenwerk",
            "time":"15:13:46"
         },
         {
            "stop":"Hauptbahnhof",
            "time":"15:15:43"
         }
      ]
   },
   {
      "trip_id":"45432480",
      "stops":[
         {
            "stop":"Hauptbahnhof",
            "time":"17:15:30"
         },
         {
            "stop":"Studentenwerk",
            "time":"17:18:49"
         },
         {
            "stop":"TU Dresden",
            "time":"17:21:43"
         }
      ]
   },
   {
      "trip_id":"45432479",
      "stops":[
         {
            "stop":"TU Dresden",
            "time":"17:41:00"
         },
         {
            "stop":"Studentenwerk",
            "time":"17:43:46"
         },
         {
            "stop":"Hauptbahnhof",
            "time":"17:45:43"
         }
      ]
   },
   {
      "trip_id":"45433693",
      "stops":[
         {
            "stop":"Hauptbahnhof",
            "time":"07:30:30"
         },
         {
            "stop":"Studentenwerk",
            "time":"07:33:49"
         },
         {
            "stop":"TU Dresden",
            "time":"07:36:43"
         }
      ]
   },
   {
      "trip_id":"45433692",
      "stops":[
         {
            "stop":"TU Dresden",
            "time":"07:41:00"
         },
         {
            "stop":"Studentenwerk",
            "time":"07:43:46"
         },
         {
            "stop":"Hauptbahnhof",
            "time":"07:45:43"
         }
      ]
   },
   {
      "trip_id":"45434614",
      "stops":[
         {
            "stop":"TU Dresden",
            "time":"12:41:00"
         },
         {
            "stop":"Studentenwerk",
            "time":"12:43:46"
         },
         {
            "stop":"Hauptbahnhof",
            "time":"12:45:43"
         }
      ]
   },
   {
      "trip_id":"45432014",
      "stops":[
         {
            "stop":"Hauptbahnhof",
            "time":"19:10:30"
         },
         {
            "stop":"Studentenwerk",
            "time":"19:13:49"
         },
         {
            "stop":"TU Dresden",
            "time":"19:16:43"
         }
      ]
   },
   {
      "trip_id":"45433790",
      "stops":[
         {
            "stop":"TU Dresden",
            "time":"08:43:00"
         },
         {
            "stop":"Studentenwerk",
            "time":"08:45:46"
         },
         {
            "stop":"Hauptbahnhof",
            "time":"08:47:43"
         }
      ]
   },
   {
      "trip_id":"45433789",
      "stops":[
         {
            "stop":"Hauptbahnhof",
            "time":"07:07:30"
         },
         {
            "stop":"Studentenwerk",
            "time":"07:10:49"
         },
         {
            "stop":"TU Dresden",
            "time":"07:13:43"
         }
      ]
   },
   {
      "trip_id":"45432016",
      "stops":[
         {
            "stop":"TU Dresden",
            "time":"16:40:00"
         },
         {
            "stop":"Studentenwerk",
            "time":"16:42:46"
         },
         {
            "stop":"Hauptbahnhof",
            "time":"16:44:43"
         }
      ]
   },
   {
      "trip_id":"45431356",
      "stops":[
         {
            "stop":"TU Dresden",
            "time":"11:11:00"
         },
         {
            "stop":"Studentenwerk",
            "time":"11:13:46"
         },
         {
            "stop":"Hauptbahnhof",
            "time":"11:15:43"
         }
      ]
   },
   {
      "trip_id":"45433791",
      "stops":[
         {
            "stop":"Hauptbahnhof",
            "time":"11:38:30"
         },
         {
            "stop":"Studentenwerk",
            "time":"11:41:49"
         },
         {
            "stop":"TU Dresden",
            "time":"11:44:43"
         }
      ]
   },
   {
      "trip_id":"45432015",
      "stops":[
         {
            "stop":"TU Dresden",
            "time":"13:41:00"
         },
         {
            "stop":"Studentenwerk",
            "time":"13:43:46"
         },
         {
            "stop":"Hauptbahnhof",
            "time":"13:45:43"
         }
      ]
   },
   {
      "trip_id":"45432017",
      "stops":[
         {
            "stop":"Hauptbahnhof",
            "time":"16:14:30"
         },
         {
            "stop":"Studentenwerk",
            "time":"16:17:49"
         },
         {
            "stop":"TU Dresden",
            "time":"16:20:43"
         }
      ]
   },
   {
      "trip_id":"45432013",
      "stops":[
         {
            "stop":"TU Dresden",
            "time":"19:39:00"
         },
         {
            "stop":"Studentenwerk",
            "time":"19:41:46"
         },
         {
            "stop":"Hauptbahnhof",
            "time":"19:43:43"
         }
      ]
   },
   {
      "trip_id":"45431171",
      "stops":[
         {
            "stop":"TU Dresden",
            "time":"09:13:00"
         },
         {
            "stop":"Studentenwerk",
            "time":"09:15:46"
         },
         {
            "stop":"Hauptbahnhof",
            "time":"09:17:43"
         }
      ]
   },
   {
      "trip_id":"45433048",
      "stops":[
         {
            "stop":"Hauptbahnhof",
            "time":"10:38:30"
         },
         {
            "stop":"Studentenwerk",
            "time":"10:41:49"
         },
         {
            "stop":"TU Dresden",
            "time":"10:44:43"
         }
      ]
   },
   {
      "trip_id":"45435630",
      "stops":[
         {
            "stop":"Hauptbahnhof",
            "time":"18:13:30"
         },
         {
            "stop":"Studentenwerk",
            "time":"18:16:49"
         },
         {
            "stop":"TU Dresden",
            "time":"18:19:43"
         }
      ]
   },
   {
      "trip_id":"45433047",
      "stops":[
         {
            "stop":"TU Dresden",
            "time":"08:13:00"
         },
         {
            "stop":"Studentenwerk",
            "time":"08:15:46"
         },
         {
            "stop":"Hauptbahnhof",
            "time":"08:17:43"
         }
      ]
   },
   {
      "trip_id":"45433049",
      "stops":[
         {
            "stop":"TU Dresden",
            "time":"15:41:00"
         },
         {
            "stop":"Studentenwerk",
            "time":"15:43:46"
         },
         {
            "stop":"Hauptbahnhof",
            "time":"15:45:43"
         }
      ]
   },
   {
      "trip_id":"45434639",
      "stops":[
         {
            "stop":"TU Dresden",
            "time":"18:39:00"
         },
         {
            "stop":"Studentenwerk",
            "time":"18:41:46"
         },
         {
            "stop":"Hauptbahnhof",
            "time":"18:43:43"
         }
      ]
   },
   {
      "trip_id":"45429597",
      "stops":[
         {
            "stop":"TU Dresden",
            "time":"14:11:00"
         },
         {
            "stop":"Studentenwerk",
            "time":"14:13:46"
         },
         {
            "stop":"Hauptbahnhof",
            "time":"14:15:43"
         }
      ]
   },
   {
      "trip_id":"45429737",
      "stops":[
         {
            "stop":"Hauptbahnhof",
            "time":"15:11:30"
         },
         {
            "stop":"Studentenwerk",
            "time":"15:14:49"
         },
         {
            "stop":"TU Dresden",
            "time":"15:17:43"
         }
      ]
   },
   {
      "trip_id":"45428771",
      "stops":[
         {
            "stop":"Hauptbahnhof",
            "time":"09:38:30"
         },
         {
            "stop":"Studentenwerk",
            "time":"09:41:49"
         },
         {
            "stop":"TU Dresden",
            "time":"09:44:43"
         }
      ]
   },
   {
      "trip_id":"45428770",
      "stops":[
         {
            "stop":"TU Dresden",
            "time":"07:11:00"
         },
         {
            "stop":"Studentenwerk",
            "time":"07:13:46"
         },
         {
            "stop":"Hauptbahnhof",
            "time":"07:15:43"
         }
      ]
   },
   {
      "trip_id":"45431412",
      "stops":[
         {
            "stop":"TU Dresden",
            "time":"11:41:00"
         },
         {
            "stop":"Studentenwerk",
            "time":"11:43:46"
         },
         {
            "stop":"Hauptbahnhof",
            "time":"11:45:43"
         }
      ]
   },
   {
      "trip_id":"45431411",
      "stops":[
         {
            "stop":"Hauptbahnhof",
            "time":"08:01:30"
         },
         {
            "stop":"Studentenwerk",
            "time":"08:04:49"
         },
         {
            "stop":"TU Dresden",
            "time":"08:07:43"
         }
      ]
   },
   {
      "trip_id":"45431167",
      "stops":[
         {
            "stop":"TU Dresden",
            "time":"10:13:00"
         },
         {
            "stop":"Studentenwerk",
            "time":"10:15:46"
         },
         {
            "stop":"Hauptbahnhof",
            "time":"10:17:43"
         }
      ]
   },
   {
      "trip_id":"45432234",
      "stops":[
         {
            "stop":"Hauptbahnhof",
            "time":"14:11:30"
         },
         {
            "stop":"Studentenwerk",
            "time":"14:14:49"
         },
         {
            "stop":"TU Dresden",
            "time":"14:17:43"
         }
      ]
   },
   {
      "trip_id":"45429582",
      "stops":[
         {
            "stop":"Hauptbahnhof",
            "time":"14:41:30"
         },
         {
            "stop":"Studentenwerk",
            "time":"14:44:49"
         },
         {
            "stop":"TU Dresden",
            "time":"14:47:43"
         }
      ]
   },
   {
      "trip_id":"45429599",
      "stops":[
         {
            "stop":"Hauptbahnhof",
            "time":"12:08:30"
         },
         {
            "stop":"Studentenwerk",
            "time":"12:11:49"
         },
         {
            "stop":"TU Dresden",
            "time":"12:14:43"
         }
      ]
   },
   {
      "trip_id":"45429598",
      "stops":[
         {
            "stop":"Hauptbahnhof",
            "time":"16:45:30"
         },
         {
            "stop":"Studentenwerk",
            "time":"16:48:49"
         },
         {
            "stop":"TU Dresden",
            "time":"16:51:43"
         }
      ]
   },
   {
      "trip_id":"45429600",
      "stops":[
         {
            "stop":"TU Dresden",
            "time":"17:11:00"
         },
         {
            "stop":"Studentenwerk",
            "time":"17:13:46"
         },
         {
            "stop":"Hauptbahnhof",
            "time":"17:15:43"
         }
      ]
   },
   {
      "trip_id":"45435254",
      "stops":[
         {
            "stop":"TU Dresden",
            "time":"12:11:00"
         },
         {
            "stop":"Studentenwerk",
            "time":"12:13:46"
         },
         {
            "stop":"Hauptbahnhof",
            "time":"12:15:43"
         }
      ]
   },
   {
      "trip_id":"45430801",
      "stops":[
         {
            "stop":"Hauptbahnhof",
            "time":"12:38:30"
         },
         {
            "stop":"Studentenwerk",
            "time":"12:41:49"
         },
         {
            "stop":"TU Dresden",
            "time":"12:44:43"
         }
      ]
   },
   {
      "trip_id":"45435255",
      "stops":[
         {
            "stop":"Hauptbahnhof",
            "time":"10:08:30"
         },
         {
            "stop":"Studentenwerk",
            "time":"10:11:49"
         },
         {
            "stop":"TU Dresden",
            "time":"10:14:43"
         }
      ]
   },
   {
      "trip_id":"45433423",
      "stops":[
         {
            "stop":"Hauptbahnhof",
            "time":"11:08:30"
         },
         {
            "stop":"Studentenwerk",
            "time":"11:11:49"
         },
         {
            "stop":"TU Dresden",
            "time":"11:14:43"
         }
      ]
   },
   {
      "trip_id":"45429256",
      "stops":[
         {
            "stop":"Hauptbahnhof",
            "time":"15:44:30"
         },
         {
            "stop":"Studentenwerk",
            "time":"15:47:49"
         },
         {
            "stop":"TU Dresden",
            "time":"15:50:43"
         }
      ]
   },
   {
      "trip_id":"45429255",
      "stops":[
         {
            "stop":"TU Dresden",
            "time":"16:10:00"
         },
         {
            "stop":"Studentenwerk",
            "time":"16:12:46"
         },
         {
            "stop":"Hauptbahnhof",
            "time":"16:14:43"
         }
      ]
   },
   {
      "trip_id":"45435793",
      "stops":[
         {
            "stop":"Hauptbahnhof",
            "time":"08:44:30"
         },
         {
            "stop":"Studentenwerk",
            "time":"08:47:49"
         },
         {
            "stop":"TU Dresden",
            "time":"08:50:43"
         }
      ]
   },
   {
      "trip_id":"45431339",
      "stops":[
         {
            "stop":"Hauptbahnhof",
            "time":"13:38:30"
         },
         {
            "stop":"Studentenwerk",
            "time":"13:41:49"
         },
         {
            "stop":"TU Dresden",
            "time":"13:44:43"
         }
      ]
   },
   {
      "trip_id":"45431338",
      "stops":[
         {
            "stop":"TU Dresden",
            "time":"10:42:00"
         },
         {
            "stop":"Studentenwerk",
            "time":"10:44:46"
         },
         {
            "stop":"Hauptbahnhof",
            "time":"10:46:43"
         }
      ]
   },
   {
      "trip_id":"45429253",
      "stops":[
         {
            "stop":"TU Dresden",
            "time":"19:09:00"
         },
         {
            "stop":"Studentenwerk",
            "time":"19:11:46"
         },
         {
            "stop":"Hauptbahnhof",
            "time":"19:13:43"
         }
      ]
   },
   {
      "trip_id":"45429254",
      "stops":[
         {
            "stop":"Hauptbahnhof",
            "time":"18:43:30"
         },
         {
            "stop":"Studentenwerk",
            "time":"18:46:49"
         },
         {
            "stop":"TU Dresden",
            "time":"18:49:43"
         }
      ]
   }
]
