[
   {
      "trip_id":"45196491",
      "stops":[
         {
            "stop":"TU Dresden",
            "time":"11:50:00"
         },
         {
            "stop":"Studentenwerk",
            "time":"11:52:00"
         },
         {
            "stop":"Hauptbahnhof",
            "time":"11:54:00"
         },
         {
            "stop":"Wendeplatz",
            "time":"12:00:00"
         }
      ]
   },
   {
      "trip_id":"45196489",
      "stops":[
         {
            "stop":"Wendeplatz",
            "time":"13:00:00"
         },
         {
            "stop":"Hauptbahnhof",
            "time":"13:06:00"
         },
         {
            "stop":"Studentenwerk",
            "time":"13:07:00"
         },
         {
            "stop":"TU Dresden",
            "time":"13:10:00"
         }
      ]
   },
   {
      "trip_id":"45195948",
      "stops":[
         {
            "stop":"Wendeplatz",
            "time":"15:54:00"
         },
         {
            "stop":"Hauptbahnhof",
            "time":"16:01:00"
         },
         {
            "stop":"Studentenwerk",
            "time":"16:03:00"
         },
         {
            "stop":"TU Dresden",
            "time":"16:06:00"
         }
      ]
   },
   {
      "trip_id":"45195215",
      "stops":[
         {
            "stop":"TU Dresden",
            "time":"15:44:00"
         },
         {
            "stop":"Studentenwerk",
            "time":"15:46:00"
         },
         {
            "stop":"Hauptbahnhof",
            "time":"15:48:00"
         },
         {
            "stop":"Wendeplatz",
            "time":"15:54:00"
         }
      ]
   },
   {
      "trip_id":"45196977",
      "stops":[
         {
            "stop":"Wendeplatz",
            "time":"10:30:00"
         },

         {
            "stop":"Hauptbahnhof",
            "time":"10:36:00"
         },
         {
            "stop":"Studentenwerk",
            "time":"10:37:00"
         },
         {
            "stop":"TU Dresden",
            "time":"10:40:00"
         }
      ]
   },
   {
      "trip_id":"45196486",
      "stops":[
         {
            "stop":"TU Dresden",
            "time":"12:20:00"
         },
         {
            "stop":"Studentenwerk",
            "time":"12:22:00"
         },
         {
            "stop":"Hauptbahnhof",
            "time":"12:24:00"
         },

         {
            "stop":"Wendeplatz",
            "time":"12:30:00"
         }
      ]
   },
   {
      "trip_id":"45195319",
      "stops":[
         {
            "stop":"Wendeplatz",
            "time":"12:30:00"
         },

         {
            "stop":"Hauptbahnhof",
            "time":"12:36:00"
         },
         {
            "stop":"Studentenwerk",
            "time":"12:37:00"
         },
         {
            "stop":"TU Dresden",
            "time":"12:40:00"
         }
      ]
   },
   {
      "trip_id":"45197751",
      "stops":[
         {
            "stop":"TU Dresden",
            "time":"10:20:00"
         },
         {
            "stop":"Studentenwerk",
            "time":"10:22:00"
         },
         {
            "stop":"Hauptbahnhof",
            "time":"10:24:00"
         },

         {
            "stop":"Wendeplatz",
            "time":"10:30:00"
         }
      ]
   },
   {
      "trip_id":"45195316",
      "stops":[
         {
            "stop":"TU Dresden",
            "time":"10:50:00"
         },
         {
            "stop":"Studentenwerk",
            "time":"10:52:00"
         },
         {
            "stop":"Hauptbahnhof",
            "time":"10:54:00"
         },

         {
            "stop":"Wendeplatz",
            "time":"11:00:00"
         }
      ]
   },
   {
      "trip_id":"45196497",
      "stops":[
         {
            "stop":"TU Dresden",
            "time":"12:50:00"
         },
         {
            "stop":"Studentenwerk",
            "time":"12:52:00"
         },
         {
            "stop":"Hauptbahnhof",
            "time":"12:54:00"
         },

         {
            "stop":"Wendeplatz",
            "time":"13:00:00"
         }
      ]
   },
   {
      "trip_id":"45195214",
      "stops":[
         {
            "stop":"Wendeplatz",
            "time":"16:54:00"
         },

         {
            "stop":"Hauptbahnhof",
            "time":"17:01:00"
         },
         {
            "stop":"Studentenwerk",
            "time":"17:03:00"
         },
         {
            "stop":"TU Dresden",
            "time":"17:06:00"
         }
      ]
   },
   {
      "trip_id":"45195218",
      "stops":[
         {
            "stop":"TU Dresden",
            "time":"16:44:00"
         },
         {
            "stop":"Studentenwerk",
            "time":"16:46:00"
         },
         {
            "stop":"Hauptbahnhof",
            "time":"16:48:00"
         },

         {
            "stop":"Wendeplatz",
            "time":"16:54:00"
         }
      ]
   },
   {
      "trip_id":"45197198",
      "stops":[
         {
            "stop":"Wendeplatz",
            "time":"09:12:00"
         },

         {
            "stop":"Hauptbahnhof",
            "time":"09:18:00"
         },
         {
            "stop":"Studentenwerk",
            "time":"09:19:00"
         },
         {
            "stop":"TU Dresden",
            "time":"09:22:00"
         }
      ]
   },
   {
      "trip_id":"45195514",
      "stops":[
         {
            "stop":"Wendeplatz",
            "time":"16:24:00"
         },

         {
            "stop":"Hauptbahnhof",
            "time":"16:31:00"
         },
         {
            "stop":"Studentenwerk",
            "time":"16:33:00"
         },
         {
            "stop":"TU Dresden",
            "time":"16:36:00"
         }
      ]
   },
   {
      "trip_id":"45196985",
      "stops":[
         {
            "stop":"TU Dresden",
            "time":"09:08:00"
         },
         {
            "stop":"Studentenwerk",
            "time":"09:10:00"
         },
         {
            "stop":"Hauptbahnhof",
            "time":"09:12:00"
         },

         {
            "stop":"Wendeplatz",
            "time":"09:18:00"
         }
      ]
   },
   {
      "trip_id":"45195211",
      "stops":[
         {
            "stop":"TU Dresden",
            "time":"16:14:00"
         },
         {
            "stop":"Studentenwerk",
            "time":"16:16:00"
         },
         {
            "stop":"Hauptbahnhof",
            "time":"16:18:00"
         },

         {
            "stop":"Wendeplatz",
            "time":"16:24:00"
         }
      ]
   },
   {
      "trip_id":"45197001",
      "stops":[
         {
            "stop":"TU Dresden",
            "time":"09:00:00"
         },
         {
            "stop":"Studentenwerk",
            "time":"09:03:00"
         },
         {
            "stop":"Hauptbahnhof",
            "time":"09:05:00"
         },

         {
            "stop":"Wendeplatz",
            "time":"09:12:00"
         }
      ]
   },
   {
      "trip_id":"45195210",
      "stops":[
         {
            "stop":"Wendeplatz",
            "time":"17:22:00"
         },

         {
            "stop":"Hauptbahnhof",
            "time":"17:29:00"
         },
         {
            "stop":"Studentenwerk",
            "time":"17:31:00"
         },
         {
            "stop":"TU Dresden",
            "time":"17:34:00"
         }
      ]
   },
   {
      "trip_id":"45195547",
      "stops":[
         {
            "stop":"TU Dresden",
            "time":"17:12:00"
         },
         {
            "stop":"Studentenwerk",
            "time":"17:14:00"
         },
         {
            "stop":"Hauptbahnhof",
            "time":"17:16:00"
         },

         {
            "stop":"Wendeplatz",
            "time":"17:22:00"
         }
      ]
   },
   {
      "trip_id":"45194626",
      "stops":[
         {
            "stop":"TU Dresden",
            "time":"13:20:00"
         },
         {
            "stop":"Studentenwerk",
            "time":"13:22:00"
         },
         {
            "stop":"Hauptbahnhof",
            "time":"13:24:00"
         },

         {
            "stop":"Wendeplatz",
            "time":"13:30:00"
         }
      ]
   },
   {
      "trip_id":"45196500",
      "stops":[
         {
            "stop":"Wendeplatz",
            "time":"13:30:00"
         },

         {
            "stop":"Hauptbahnhof",
            "time":"13:36:00"
         },
         {
            "stop":"Studentenwerk",
            "time":"13:37:00"
         },
         {
            "stop":"TU Dresden",
            "time":"13:40:00"
         }
      ]
   },
   {
      "trip_id":"45194618",
      "stops":[
         {
            "stop":"TU Dresden",
            "time":"14:20:00"
         },
         {
            "stop":"Studentenwerk",
            "time":"14:22:00"
         },
         {
            "stop":"Hauptbahnhof",
            "time":"14:24:00"
         },

         {
            "stop":"Wendeplatz",
            "time":"14:30:00"
         }
      ]
   },
   {
      "trip_id":"45194917",
      "stops":[
         {
            "stop":"Wendeplatz",
            "time":"14:30:00"
         },

         {
            "stop":"Hauptbahnhof",
            "time":"14:36:00"
         },
         {
            "stop":"Studentenwerk",
            "time":"14:37:00"
         },
         {
            "stop":"TU Dresden",
            "time":"14:40:00"
         }
      ]
   },
   {
      "trip_id":"45194630",
      "stops":[
         {
            "stop":"TU Dresden",
            "time":"13:50:00"
         },
         {
            "stop":"Studentenwerk",
            "time":"13:52:00"
         },
         {
            "stop":"Hauptbahnhof",
            "time":"13:54:00"
         },

         {
            "stop":"Wendeplatz",
            "time":"14:00:00"
         }
      ]
   },
   {
      "trip_id":"45194940",
      "stops":[
         {
            "stop":"Wendeplatz",
            "time":"14:00:00"
         },
         {
            "stop":"Hauptbahnhof",
            "time":"14:06:00"
         },
         {
            "stop":"Studentenwerk",
            "time":"14:07:00"
         },
         {
            "stop":"TU Dresden",
            "time":"14:10:00"
         }
      ]
   },
   {
      "trip_id":"45195138",
      "stops":[
         {
            "stop":"Wendeplatz",
            "time":"07:57:00"
         },

         {
            "stop":"Hauptbahnhof",
            "time":"08:03:00"
         },
         {
            "stop":"Studentenwerk",
            "time":"08:04:00"
         },
         {
            "stop":"TU Dresden",
            "time":"08:07:00"
         }
      ]
   },
   {
      "trip_id":"45197622",
      "stops":[
         {
            "stop":"TU Dresden",
            "time":"07:45:00"
         },
         {
            "stop":"Studentenwerk",
            "time":"07:48:00"
         },
         {
            "stop":"Hauptbahnhof",
            "time":"07:50:00"
         },

         {
            "stop":"Wendeplatz",
            "time":"07:57:00"
         }
      ]
   },
   {
      "trip_id":"45195212",
      "stops":[
         {
            "stop":"Wendeplatz",
            "time":"17:09:00"
         },

         {
            "stop":"Hauptbahnhof",
            "time":"17:16:00"
         },
         {
            "stop":"Studentenwerk",
            "time":"17:18:00"
         },
         {
            "stop":"TU Dresden",
            "time":"17:21:00"
         }
      ]
   },
   {
      "trip_id":"45195219",
      "stops":[
         {
            "stop":"Wendeplatz",
            "time":"17:39:00"
         },

         {
            "stop":"Hauptbahnhof",
            "time":"17:46:00"
         },
         {
            "stop":"Studentenwerk",
            "time":"17:48:00"
         },
         {
            "stop":"TU Dresden",
            "time":"17:51:00"
         }
      ]
   },
   {
      "trip_id":"45195549",
      "stops":[
         {
            "stop":"TU Dresden",
            "time":"16:59:00"
         },
         {
            "stop":"Studentenwerk",
            "time":"17:01:00"
         },
         {
            "stop":"Hauptbahnhof",
            "time":"17:03:00"
         },

         {
            "stop":"Wendeplatz",
            "time":"17:09:00"
         }
      ]
   },
   {
      "trip_id":"45196036",
      "stops":[
         {
            "stop":"TU Dresden",
            "time":"17:29:00"
         },
         {
            "stop":"Studentenwerk",
            "time":"17:31:00"
         },
         {
            "stop":"Hauptbahnhof",
            "time":"17:33:00"
         },

         {
            "stop":"Wendeplatz",
            "time":"17:39:00"
         }
      ]
   },
   {
      "trip_id":"45197000",
      "stops":[
         {
            "stop":"Wendeplatz",
            "time":"09:40:00"
         },

         {
            "stop":"Hauptbahnhof",
            "time":"09:46:00"
         },
         {
            "stop":"Studentenwerk",
            "time":"09:47:00"
         },
         {
            "stop":"TU Dresden",
            "time":"09:50:00"
         }
      ]
   },
   {
      "trip_id":"45195246",
      "stops":[
         {
            "stop":"TU Dresden",
            "time":"19:20:00"
         },
         {
            "stop":"Studentenwerk",
            "time":"19:22:00"
         },
         {
            "stop":"Hauptbahnhof",
            "time":"19:24:00"
         },

         {
            "stop":"Wendeplatz",
            "time":"19:30:00"
         }
      ]
   },
   {
      "trip_id":"45195542",
      "stops":[
         {
            "stop":"Wendeplatz",
            "time":"19:30:00"
         },

         {
            "stop":"Hauptbahnhof",
            "time":"19:36:00"
         },
         {
            "stop":"Studentenwerk",
            "time":"19:37:00"
         },
         {
            "stop":"TU Dresden",
            "time":"19:40:00"
         }
      ]
   },
   {
      "trip_id":"45194631",
      "stops":[
         {
            "stop":"Wendeplatz",
            "time":"14:45:00"
         },

         {
            "stop":"Hauptbahnhof",
            "time":"14:51:00"
         },
         {
            "stop":"Studentenwerk",
            "time":"14:52:00"
         },
         {
            "stop":"TU Dresden",
            "time":"14:55:00"
         }
      ]
   },
   {
      "trip_id":"45196470",
      "stops":[
         {
            "stop":"TU Dresden",
            "time":"15:14:00"
         },
         {
            "stop":"Studentenwerk",
            "time":"15:16:00"
         },
         {
            "stop":"Hauptbahnhof",
            "time":"15:18:00"
         },

         {
            "stop":"Wendeplatz",
            "time":"15:24:00"
         }
      ]
   },
   {
      "trip_id":"45195944",
      "stops":[
         {
            "stop":"TU Dresden",
            "time":"14:35:00"
         },
         {
            "stop":"Studentenwerk",
            "time":"14:37:00"
         },
         {
            "stop":"Hauptbahnhof",
            "time":"14:39:00"
         },

         {
            "stop":"Wendeplatz",
            "time":"14:45:00"
         }
      ]
   },
   {
      "trip_id":"45194907",
      "stops":[
         {
            "stop":"Wendeplatz",
            "time":"14:15:00"
         },

         {
            "stop":"Hauptbahnhof",
            "time":"14:21:00"
         },
         {
            "stop":"Studentenwerk",
            "time":"14:22:00"
         },
         {
            "stop":"TU Dresden",
            "time":"14:25:00"
         }
      ]
   },
   {
      "trip_id":"45195943",
      "stops":[
         {
            "stop":"Wendeplatz",
            "time":"15:24:00"
         },

         {
            "stop":"Hauptbahnhof",
            "time":"15:31:00"
         },
         {
            "stop":"Studentenwerk",
            "time":"15:33:00"
         },
         {
            "stop":"TU Dresden",
            "time":"15:36:00"
         }
      ]
   },
   {
      "trip_id":"45194632",
      "stops":[
         {
            "stop":"TU Dresden",
            "time":"14:05:00"
         },
         {
            "stop":"Studentenwerk",
            "time":"14:07:00"
         },
         {
            "stop":"Hauptbahnhof",
            "time":"14:09:00"
         },

         {
            "stop":"Wendeplatz",
            "time":"14:15:00"
         }
      ]
   },
   {
      "trip_id":"45197195",
      "stops":[
         {
            "stop":"TU Dresden",
            "time":"08:23:00"
         },
         {
            "stop":"Studentenwerk",
            "time":"08:26:00"
         },
         {
            "stop":"Hauptbahnhof",
            "time":"08:28:00"
         },

         {
            "stop":"Wendeplatz",
            "time":"08:35:00"
         }
      ]
   },
   {
      "trip_id":"45197189",
      "stops":[
         {
            "stop":"TU Dresden",
            "time":"08:30:00"
         },
         {
            "stop":"Studentenwerk",
            "time":"08:33:00"
         },
         {
            "stop":"Hauptbahnhof",
            "time":"08:35:00"
         },

         {
            "stop":"Wendeplatz",
            "time":"08:42:00"
         }
      ]
   },
   {
      "trip_id":"45197190",
      "stops":[
         {
            "stop":"Wendeplatz",
            "time":"08:42:00"
         },

         {
            "stop":"Hauptbahnhof",
            "time":"08:48:00"
         },
         {
            "stop":"Studentenwerk",
            "time":"08:49:00"
         },
         {
            "stop":"TU Dresden",
            "time":"08:52:00"
         }
      ]
   },
   {
      "trip_id":"45198057",
      "stops":[
         {
            "stop":"TU Dresden",
            "time":"09:30:00"
         },
         {
            "stop":"Studentenwerk",
            "time":"09:32:00"
         },
         {
            "stop":"Hauptbahnhof",
            "time":"09:34:00"
         },

         {
            "stop":"Wendeplatz",
            "time":"09:40:00"
         }
      ]
   },
   {
      "trip_id":"45194937",
      "stops":[
         {
            "stop":"Wendeplatz",
            "time":"15:00:00"
         },

         {
            "stop":"Hauptbahnhof",
            "time":"15:06:00"
         },
         {
            "stop":"Studentenwerk",
            "time":"15:07:00"
         },
         {
            "stop":"TU Dresden",
            "time":"15:10:00"
         }
      ]
   },
   {
      "trip_id":"45195947",
      "stops":[
         {
            "stop":"TU Dresden",
            "time":"14:50:00"
         },
         {
            "stop":"Studentenwerk",
            "time":"14:52:00"
         },
         {
            "stop":"Hauptbahnhof",
            "time":"14:54:00"
         },

         {
            "stop":"Wendeplatz",
            "time":"15:00:00"
         }
      ]
   },
   {
      "trip_id":"45195309",
      "stops":[
         {
            "stop":"TU Dresden",
            "time":"09:45:00"
         },
         {
            "stop":"Studentenwerk",
            "time":"09:47:00"
         },
         {
            "stop":"Hauptbahnhof",
            "time":"09:49:00"
         },

         {
            "stop":"Wendeplatz",
            "time":"09:55:00"
         }
      ]
   },
   {
      "trip_id":"45197641",
      "stops":[
         {
            "stop":"TU Dresden",
            "time":"07:15:00"
         },
         {
            "stop":"Studentenwerk",
            "time":"07:18:00"
         },
         {
            "stop":"Hauptbahnhof",
            "time":"07:20:00"
         },

         {
            "stop":"Wendeplatz",
            "time":"07:27:00"
         }
      ]
   },
   {
      "trip_id":"45194913",
      "stops":[
         {
            "stop":"TU Dresden",
            "time":"13:35:00"
         },
         {
            "stop":"Studentenwerk",
            "time":"13:37:00"
         },
         {
            "stop":"Hauptbahnhof",
            "time":"13:39:00"
         },

         {
            "stop":"Wendeplatz",
            "time":"13:45:00"
         }
      ]
   },
   {
      "trip_id":"45196140",
      "stops":[
         {
            "stop":"TU Dresden",
            "time":"06:50:00"
         },
         {
            "stop":"Studentenwerk",
            "time":"06:52:00"
         },
         {
            "stop":"Hauptbahnhof",
            "time":"06:54:00"
         },

         {
            "stop":"Wendeplatz",
            "time":"07:00:00"
         }
      ]
   },
   {
      "trip_id":"45197643",
      "stops":[
         {
            "stop":"Wendeplatz",
            "time":"07:00:00"
         },

         {
            "stop":"Hauptbahnhof",
            "time":"07:06:00"
         },
         {
            "stop":"Studentenwerk",
            "time":"07:07:00"
         },
         {
            "stop":"TU Dresden",
            "time":"07:10:00"
         }
      ]
   },
   {
      "trip_id":"45196984",
      "stops":[
         {
            "stop":"Wendeplatz",
            "time":"09:55:00"
         },

         {
            "stop":"Hauptbahnhof",
            "time":"10:01:00"
         },
         {
            "stop":"Studentenwerk",
            "time":"10:02:00"
         },
         {
            "stop":"TU Dresden",
            "time":"10:05:00"
         }
      ]
   },
   {
      "trip_id":"45197620",
      "stops":[
         {
            "stop":"Wendeplatz",
            "time":"07:27:00"
         },

         {
            "stop":"Hauptbahnhof",
            "time":"07:33:00"
         },
         {
            "stop":"Studentenwerk",
            "time":"07:34:00"
         },
         {
            "stop":"TU Dresden",
            "time":"07:37:00"
         }
      ]
   },
   {
      "trip_id":"45196493",
      "stops":[
         {
            "stop":"Wendeplatz",
            "time":"13:45:00"
         },

         {
            "stop":"Hauptbahnhof",
            "time":"13:51:00"
         },
         {
            "stop":"Studentenwerk",
            "time":"13:52:00"
         },
         {
            "stop":"TU Dresden",
            "time":"13:55:00"
         }
      ]
   },
   {
      "trip_id":"45198234",
      "stops":[
         {
            "stop":"TU Dresden",
            "time":"10:30:00"
         },
         {
            "stop":"Studentenwerk",
            "time":"10:32:00"
         },
         {
            "stop":"Hauptbahnhof",
            "time":"10:34:00"
         },

         {
            "stop":"Wendeplatz",
            "time":"10:40:00"
         }
      ]
   },
   {
      "trip_id":"45196505",
      "stops":[
         {
            "stop":"TU Dresden",
            "time":"12:35:00"
         },
         {
            "stop":"Studentenwerk",
            "time":"12:37:00"
         },
         {
            "stop":"Hauptbahnhof",
            "time":"12:39:00"
         },

         {
            "stop":"Wendeplatz",
            "time":"12:45:00"
         }
      ]
   },
   {
      "trip_id":"45194941",
      "stops":[
         {
            "stop":"TU Dresden",
            "time":"13:05:00"
         },
         {
            "stop":"Studentenwerk",
            "time":"13:07:00"
         },
         {
            "stop":"Hauptbahnhof",
            "time":"13:09:00"
         },

         {
            "stop":"Wendeplatz",
            "time":"13:15:00"
         }
      ]
   },
   {
      "trip_id":"45196482",
      "stops":[
         {
            "stop":"Wendeplatz",
            "time":"13:15:00"
         },

         {
            "stop":"Hauptbahnhof",
            "time":"13:21:00"
         },
         {
            "stop":"Studentenwerk",
            "time":"13:22:00"
         },
         {
            "stop":"TU Dresden",
            "time":"13:25:00"
         }
      ]
   },
   {
      "trip_id":"45197754",
      "stops":[
         {
            "stop":"Wendeplatz",
            "time":"12:45:00"
         },

         {
            "stop":"Hauptbahnhof",
            "time":"12:51:00"
         },
         {
            "stop":"Studentenwerk",
            "time":"12:52:00"
         },
         {
            "stop":"TU Dresden",
            "time":"12:55:00"
         }
      ]
   },
   {
      "trip_id":"45195479",
      "stops":[
         {
            "stop":"Wendeplatz",
            "time":"19:00:00"
         },

         {
            "stop":"Hauptbahnhof",
            "time":"19:06:00"
         },
         {
            "stop":"Studentenwerk",
            "time":"19:07:00"
         },
         {
            "stop":"TU Dresden",
            "time":"19:10:00"
         }
      ]
   },
   {
      "trip_id":"45195548",
      "stops":[
         {
            "stop":"Wendeplatz",
            "time":"18:00:00"
         },

         {
            "stop":"Hauptbahnhof",
            "time":"18:07:00"
         },
         {
            "stop":"Studentenwerk",
            "time":"18:09:00"
         },
         {
            "stop":"TU Dresden",
            "time":"18:12:00"
         }
      ]
   },
   {
      "trip_id":"45196019",
      "stops":[
         {
            "stop":"TU Dresden",
            "time":"18:20:00"
         },
         {
            "stop":"Studentenwerk",
            "time":"18:22:00"
         },
         {
            "stop":"Hauptbahnhof",
            "time":"18:24:00"
         },

         {
            "stop":"Wendeplatz",
            "time":"18:30:00"
         }
      ]
   },
   {
      "trip_id":"45195543",
      "stops":[
         {
            "stop":"TU Dresden",
            "time":"17:50:00"
         },
         {
            "stop":"Studentenwerk",
            "time":"17:52:00"
         },
         {
            "stop":"Hauptbahnhof",
            "time":"17:54:00"
         },

         {
            "stop":"Wendeplatz",
            "time":"18:00:00"
         }
      ]
   },
   {
      "trip_id":"45198073",
      "stops":[
         {
            "stop":"TU Dresden",
            "time":"18:50:00"
         },
         {
            "stop":"Studentenwerk",
            "time":"18:52:00"
         },
         {
            "stop":"Hauptbahnhof",
            "time":"18:54:00"
         },

         {
            "stop":"Wendeplatz",
            "time":"19:00:00"
         }
      ]
   },
   {
      "trip_id":"45195546",
      "stops":[
         {
            "stop":"Wendeplatz",
            "time":"18:30:00"
         },

         {
            "stop":"Hauptbahnhof",
            "time":"18:37:00"
         },
         {
            "stop":"Studentenwerk",
            "time":"18:39:00"
         },
         {
            "stop":"TU Dresden",
            "time":"18:42:00"
         }
      ]
   },
   {
      "trip_id":"45197196",
      "stops":[
         {
            "stop":"Wendeplatz",
            "time":"08:27:00"
         },

         {
            "stop":"Hauptbahnhof",
            "time":"08:33:00"
         },
         {
            "stop":"Studentenwerk",
            "time":"08:34:00"
         },
         {
            "stop":"TU Dresden",
            "time":"08:37:00"
         }
      ]
   },
   {
      "trip_id":"45197193",
      "stops":[
         {
            "stop":"TU Dresden",
            "time":"08:15:00"
         },
         {
            "stop":"Studentenwerk",
            "time":"08:18:00"
         },
         {
            "stop":"Hauptbahnhof",
            "time":"08:20:00"
         },

         {
            "stop":"Wendeplatz",
            "time":"08:27:00"
         }
      ]
   },
   {
      "trip_id":"45196997",
      "stops":[
         {
            "stop":"Wendeplatz",
            "time":"09:25:00"
         },

         {
            "stop":"Hauptbahnhof",
            "time":"09:31:00"
         },
         {
            "stop":"Studentenwerk",
            "time":"09:32:00"
         },
         {
            "stop":"TU Dresden",
            "time":"09:35:00"
         }
      ]
   },
   {
      "trip_id":"45196991",
      "stops":[
         {
            "stop":"TU Dresden",
            "time":"09:15:00"
         },
         {
            "stop":"Studentenwerk",
            "time":"09:17:00"
         },
         {
            "stop":"Hauptbahnhof",
            "time":"09:19:00"
         },

         {
            "stop":"Wendeplatz",
            "time":"09:25:00"
         }
      ]
   },
   {
      "trip_id":"45197840",
      "stops":[
         {
            "stop":"Wendeplatz",
            "time":"10:10:00"
         },

         {
            "stop":"Hauptbahnhof",
            "time":"10:16:00"
         },
         {
            "stop":"Studentenwerk",
            "time":"10:17:00"
         },
         {
            "stop":"TU Dresden",
            "time":"10:20:00"
         }
      ]
   },
   {
      "trip_id":"45195297",
      "stops":[
         {
            "stop":"TU Dresden",
            "time":"10:00:00"
         },
         {
            "stop":"Studentenwerk",
            "time":"10:02:00"
         },
         {
            "stop":"Hauptbahnhof",
            "time":"10:04:00"
         },

         {
            "stop":"Wendeplatz",
            "time":"10:10:00"
         }
      ]
   },
   {
      "trip_id":"45196999",
      "stops":[
         {
            "stop":"TU Dresden",
            "time":"08:53:00"
         },
         {
            "stop":"Studentenwerk",
            "time":"08:56:00"
         },
         {
            "stop":"Hauptbahnhof",
            "time":"08:58:00"
         },

         {
            "stop":"Wendeplatz",
            "time":"09:05:00"
         }
      ]
   },
   {
      "trip_id":"45197191",
      "stops":[
         {
            "stop":"TU Dresden",
            "time":"08:38:00"
         },
         {
            "stop":"Studentenwerk",
            "time":"08:41:00"
         },
         {
            "stop":"Hauptbahnhof",
            "time":"08:43:00"
         },

         {
            "stop":"Wendeplatz",
            "time":"08:50:00"
         }
      ]
   },
   {
      "trip_id":"45197197",
      "stops":[
         {
            "stop":"TU Dresden",
            "time":"08:45:00"
         },
         {
            "stop":"Studentenwerk",
            "time":"08:48:00"
         },
         {
            "stop":"Hauptbahnhof",
            "time":"08:50:00"
         },

         {
            "stop":"Wendeplatz",
            "time":"08:57:00"
         }
      ]
   },
   {
      "trip_id":"45197192",
      "stops":[
         {
            "stop":"Wendeplatz",
            "time":"08:57:00"
         },

         {
            "stop":"Hauptbahnhof",
            "time":"09:03:00"
         },
         {
            "stop":"Studentenwerk",
            "time":"09:04:00"
         },
         {
            "stop":"TU Dresden",
            "time":"09:07:00"
         }
      ]
   },
   {
      "trip_id":"45194619",
      "stops":[
         {
            "stop":"Wendeplatz",
            "time":"15:09:00"
         },

         {
            "stop":"Hauptbahnhof",
            "time":"15:16:00"
         },
         {
            "stop":"Studentenwerk",
            "time":"15:18:00"
         },
         {
            "stop":"TU Dresden",
            "time":"15:21:00"
         }
      ]
   },
   {
      "trip_id":"45195949",
      "stops":[
         {
            "stop":"TU Dresden",
            "time":"14:59:00"
         },
         {
            "stop":"Studentenwerk",
            "time":"15:01:00"
         },
         {
            "stop":"Hauptbahnhof",
            "time":"15:03:00"
         },

         {
            "stop":"Wendeplatz",
            "time":"15:09:00"
         }
      ]
   },
   {
      "trip_id":"45195216",
      "stops":[
         {
            "stop":"Wendeplatz",
            "time":"16:39:00"
         },

         {
            "stop":"Hauptbahnhof",
            "time":"16:46:00"
         },
         {
            "stop":"Studentenwerk",
            "time":"16:48:00"
         },
         {
            "stop":"TU Dresden",
            "time":"16:51:00"
         }
      ]
   },
   {
      "trip_id":"45195445",
      "stops":[
         {
            "stop":"Wendeplatz",
            "time":"07:42:00"
         },

         {
            "stop":"Hauptbahnhof",
            "time":"07:48:00"
         },
         {
            "stop":"Studentenwerk",
            "time":"07:49:00"
         },
         {
            "stop":"TU Dresden",
            "time":"07:52:00"
         }
      ]
   },
   {
      "trip_id":"45197617",
      "stops":[
         {
            "stop":"TU Dresden",
            "time":"07:30:00"
         },
         {
            "stop":"Studentenwerk",
            "time":"07:33:00"
         },
         {
            "stop":"Hauptbahnhof",
            "time":"07:35:00"
         },

         {
            "stop":"Wendeplatz",
            "time":"07:42:00"
         }
      ]
   },
   {
      "trip_id":"45197194",
      "stops":[
         {
            "stop":"Wendeplatz",
            "time":"08:12:00"
         },

         {
            "stop":"Hauptbahnhof",
            "time":"08:18:00"
         },
         {
            "stop":"Studentenwerk",
            "time":"08:19:00"
         },
         {
            "stop":"TU Dresden",
            "time":"08:22:00"
         }
      ]
   },
   {
      "trip_id":"45195137",
      "stops":[
         {
            "stop":"TU Dresden",
            "time":"08:00:00"
         },
         {
            "stop":"Studentenwerk",
            "time":"08:03:00"
         },
         {
            "stop":"Hauptbahnhof",
            "time":"08:05:00"
         },

         {
            "stop":"Wendeplatz",
            "time":"08:12:00"
         }
      ]
   },
   {
      "trip_id":"45195209",
      "stops":[
         {
            "stop":"TU Dresden",
            "time":"16:29:00"
         },
         {
            "stop":"Studentenwerk",
            "time":"16:31:00"
         },
         {
            "stop":"Hauptbahnhof",
            "time":"16:33:00"
         },

         {
            "stop":"Wendeplatz",
            "time":"16:39:00"
         }
      ]
   },
   {
      "trip_id":"45195951",
      "stops":[
         {
            "stop":"Wendeplatz",
            "time":"16:09:00"
         },

         {
            "stop":"Hauptbahnhof",
            "time":"16:16:00"
         },
         {
            "stop":"Studentenwerk",
            "time":"16:18:00"
         },
         {
            "stop":"TU Dresden",
            "time":"16:21:00"
         }
      ]
   },
   {
      "trip_id":"45195946",
      "stops":[
         {
            "stop":"Wendeplatz",
            "time":"15:39:00"
         },

         {
            "stop":"Hauptbahnhof",
            "time":"15:46:00"
         },
         {
            "stop":"Studentenwerk",
            "time":"15:48:00"
         },
         {
            "stop":"TU Dresden",
            "time":"15:51:00"
         }
      ]
   },
   {
      "trip_id":"45195213",
      "stops":[
         {
            "stop":"TU Dresden",
            "time":"15:59:00"
         },
         {
            "stop":"Studentenwerk",
            "time":"16:01:00"
         },
         {
            "stop":"Hauptbahnhof",
            "time":"16:03:00"
         },

         {
            "stop":"Wendeplatz",
            "time":"16:09:00"
         }
      ]
   },
   {
      "trip_id":"45195515",
      "stops":[
         {
            "stop":"TU Dresden",
            "time":"15:29:00"
         },
         {
            "stop":"Studentenwerk",
            "time":"15:31:00"
         },
         {
            "stop":"Hauptbahnhof",
            "time":"15:33:00"
         },

         {
            "stop":"Wendeplatz",
            "time":"15:39:00"
         }
      ]
   },
   {
      "trip_id":"45196745",
      "stops":[
         {
            "stop":"Wendeplatz",
            "time":"12:00:00"
         },

         {
            "stop":"Hauptbahnhof",
            "time":"12:06:00"
         },
         {
            "stop":"Studentenwerk",
            "time":"12:07:00"
         },
         {
            "stop":"TU Dresden",
            "time":"12:10:00"
         }
      ]
   },
   {
      "trip_id":"45195303",
      "stops":[
         {
            "stop":"Wendeplatz",
            "time":"11:30:00"
         },

         {
            "stop":"Hauptbahnhof",
            "time":"11:36:00"
         },
         {
            "stop":"Studentenwerk",
            "time":"11:37:00"
         },
         {
            "stop":"TU Dresden",
            "time":"11:40:00"
         }
      ]
   },
   {
      "trip_id":"45197753",
      "stops":[
         {
            "stop":"TU Dresden",
            "time":"11:20:00"
         },
         {
            "stop":"Studentenwerk",
            "time":"11:22:00"
         },
         {
            "stop":"Hauptbahnhof",
            "time":"11:24:00"
         },

         {
            "stop":"Wendeplatz",
            "time":"11:30:00"
         }
      ]
   },
   {
      "trip_id":"45195313",
      "stops":[
         {
            "stop":"Wendeplatz",
            "time":"11:00:00"
         },

         {
            "stop":"Hauptbahnhof",
            "time":"11:06:00"
         },
         {
            "stop":"Studentenwerk",
            "time":"11:07:00"
         },
         {
            "stop":"TU Dresden",
            "time":"11:10:00"
         }
      ]
   }
]
